fpr,tpr
0.0,0.0
0.0,0.08333333333333333
0.0,0.25
0.003472222222222222,0.25
0.003472222222222222,0.5833333333333334
0.1111111111111111,0.5833333333333334
0.1111111111111111,0.6666666666666666
0.1527777777777778,0.6666666666666666
0.1527777777777778,0.75
0.2361111111111111,0.75
0.2361111111111111,0.8333333333333334
0.3541666666666667,0.8333333333333334
0.3541666666666667,0.9166666666666666
0.5763888888888888,0.9166666666666666
0.5763888888888888,1.0
1.0,1.0
