fpr,tpr
0.0,0.0
0.0,0.1875
0.0,0.375
0.0,0.6875
0.006198347107438017,0.6875
0.006198347107438017,0.75
0.012396694214876033,0.75
0.012396694214876033,0.8125
0.0371900826446281,0.8125
0.0371900826446281,0.875
0.29132231404958675,0.875
0.29132231404958675,0.9375
0.7252066115702479,0.9375
0.7252066115702479,1.0
1.0,1.0
