fpr,tpr
0.0,0.0
0.0,0.0625
0.0,0.125
0.0,0.375
0.0,0.75
0.004132231404958678,0.75
0.004132231404958678,0.8125
0.01652892561983471,0.8125
0.01652892561983471,0.875
0.024793388429752067,0.875
0.024793388429752067,0.9375
0.34297520661157027,0.9375
0.34297520661157027,1.0
1.0,1.0
