fpr,tpr
0.0,0.0
0.0,0.125
0.0,0.3125
0.0,0.625
0.002066115702479339,0.625
0.002066115702479339,0.6875
0.006198347107438017,0.6875
0.006198347107438017,0.8125
0.02066115702479339,0.8125
0.02066115702479339,0.875
0.05165289256198347,0.875
0.05578512396694215,0.875
0.13636363636363635,0.875
0.13636363636363635,0.9375
0.9400826446280992,0.9375
0.9400826446280992,1.0
1.0,1.0
