fpr,tpr
0.0,0.0
0.0,0.125
0.0,0.25
0.0,0.4375
0.0,0.5625
0.0,0.8125
0.002066115702479339,0.8125
0.002066115702479339,0.875
0.004132231404958678,0.875
0.008264462809917356,0.875
0.128099173553719,0.875
0.1322314049586777,0.875
0.8285123966942148,0.875
0.8285123966942148,0.9375
1.0,0.9375
1.0,1.0
