fpr,tpr
0.0,0.0
0.0,0.1875
0.0,0.5625
0.0,0.875
0.014462809917355372,0.875
0.01859504132231405,0.875
0.05371900826446281,0.875
0.05785123966942149,0.875
0.9628099173553719,0.875
0.9628099173553719,0.9375
0.9731404958677686,0.9375
0.9731404958677686,1.0
1.0,1.0
