fpr,tpr
0.0,0.0
0.0,0.0625
0.0,0.125
0.0,0.4375
0.0,0.5
0.0,0.625
0.0,0.875
0.3574380165289256,0.875
0.3574380165289256,0.9375
0.3822314049586777,0.9375
0.38636363636363635,0.9375
0.45041322314049587,0.9375
0.45454545454545453,0.9375
0.6962809917355371,0.9375
0.6962809917355371,1.0
1.0,1.0
